date,average_pm25
2022-01-01,86.39222222222222
2022-01-02,111.5075
2022-01-03,102.05444444444443
2022-01-04,128.26166666666666
2022-01-05,138.53637681159415
2022-01-06,83.9920833333333
2022-01-07,82.78319444444443
2022-01-08,69.58661971830985
2022-01-09,60.354571428571425
2022-01-10,67.27214285714288
2022-01-11,75.9765625
2022-01-12,57.74945652173912
2022-01-13,64.41458823529412
2022-01-14,72.35352941176473
2022-01-15,69.16865853658535
2022-01-16,83.04855421686747
2022-01-17,92.27364583333338
2022-01-18,92.96145833333337
2022-01-19,96.24062500000002
2022-01-20,98.39562499999994
2022-01-21,97.40021052631576
2022-01-22,101.55947916666668
2022-01-23,135.5517204301075
2022-01-24,91.33937500000002
2022-01-25,116.30510638297869
2022-01-26,93.81312500000003
2022-01-27,79.31177083333333
2022-01-28,78.01708333333336
2022-01-29,86.34208333333329
2022-01-30,70.72020833333333
2022-01-31,65.1462222222222
2022-02-01,54.50888888888888
2022-02-02,62.839230769230774
2022-02-03,49.800277777777794
2022-02-04,30.107499999999998
2022-02-05,54.39578313253011
2022-02-06,62.64083333333331
2022-02-07,59.75904761904758
2022-02-08,66.70645833333334
2022-02-09,62.131086956521756
2022-02-10,54.68291666666665
2022-02-11,79.12987951807231
2022-02-12,59.142291666666694
2022-02-13,61.32526315789473
2022-02-14,64.71166666666667
2022-02-15,65.90989583333332
2022-02-16,66.76114583333336
2022-02-17,71.25208333333335
2022-02-18,69.31416666666665
2022-02-19,63.32968750000003
2022-02-20,70.37627659574467
2022-02-21,61.52247191011237
2022-02-22,71.34614583333335
2022-02-23,66.70578947368418
2022-02-24,65.27752688172042
2022-02-25,68.09854166666665
2022-02-26,67.43906249999998
2022-02-27,62.59968421052632
2022-02-28,52.75510416666666
2022-03-01,66.36312500000001
2022-03-02,65.6097196261682
2022-03-03,68.13808333333333
2022-03-04,66.97800000000001
2022-03-05,71.96296610169492
2022-03-06,57.447521367521404
2022-03-07,61.70825000000001
2022-03-08,65.57094827586205
2022-03-09,65.86846153846153
2022-03-10,68.5175652173913
2022-03-11,62.64768518518518
2022-03-12,66.54142857142858
2022-03-13,64.19769230769231
2022-03-14,69.76781512605041
2022-03-15,70.6808823529412
2022-03-16,61.93933333333335
2022-03-17,60.03811594202899
2022-03-18,54.885328467153286
2022-03-19,52.85816176470587
2022-03-20,52.07941605839415
2022-03-21,49.66345588235295
2022-03-22,53.25467153284673
2022-03-23,58.43218978102192
2022-03-24,60.03321167883211
2022-03-25,61.061347517730496
2022-03-26,60.721666666666664
2022-03-27,60.77104761904763
2022-03-28,62.60908045977012
2022-03-29,63.00846846846846
2022-03-30,55.02931623931625
2022-03-31,54.655726495726505
2022-04-01,58.131249999999994
2022-04-02,52.1782857142857
2022-04-03,48.63482014388489
2022-04-04,46.763958333333335
2022-04-05,46.03701298701297
2022-04-06,46.90724550898203
2022-04-07,46.3057055214724
2022-04-08,40.09110429447851
2022-04-09,33.33182926829268
2022-04-10,36.65115151515151
2022-04-11,43.5155828220859
2022-04-12,45.546303030303044
2022-04-13,39.12121951219513
2022-04-14,46.034938271604965
2022-04-15,54.437243589743595
2022-04-16,49.5648125
2022-04-17,45.26093167701863
2022-04-18,46.95050632911393
2022-04-19,42.59264367816092
2022-04-20,47.74999999999997
2022-04-21,41.98929729729729
2022-04-22,43.32648648648649
2022-04-23,50.94821229050278
2022-04-24,46.707159090909066
2022-04-25,49.085649717514144
2022-04-26,51.62290502793297
2022-04-27,56.06228758169939
2022-04-28,59.404741379310344
2022-04-29,62.81136752136752
2022-04-30,52.672635658914686
2022-05-01,46.002085561497346
2022-05-02,37.68968253968253
2022-05-03,30.72513089005237
2022-05-04,47.914468085106385
2022-05-05,47.08345945945946
2022-05-06,51.21137362637359
2022-05-07,51.08300546448085
2022-05-08,47.11864130434782
2022-05-09,23.241731843575423
2022-05-10,40.34749999999999
2022-05-11,42.36684782608695
2022-05-12,53.01131147540985
2022-05-13,57.38737967914439
2022-05-14,46.992021276595736
2022-05-15,42.53801075268816
2022-05-16,50.56745856353594
2022-05-17,43.50227777777779
2022-05-18,39.099005524861866
2022-05-19,42.66441988950276
2022-05-20,46.69901734104047
2022-05-21,49.52591715976331
2022-05-22,48.66343558282207
2022-05-23,52.84032467532468
2022-05-24,47.23410256410256
2022-05-25,46.17659999999998
2022-05-26,50.15182389937108
2022-05-27,64.54780645161289
2022-05-28,62.97319727891156
2022-05-29,53.45537931034483
2022-05-30,59.03942857142859
2022-05-31,55.29646666666665
2022-06-01,55.75397590361449
2022-06-02,57.546280487804864
2022-06-03,58.27024096385543
2022-06-04,58.10993975903612
2022-06-05,55.95644736842104
2022-06-06,56.76544871794874
2022-06-07,55.53472826086957
2022-06-08,60.835319148936144
2022-06-09,56.30010582010583
2022-06-10,53.64226315789475
2022-06-11,53.58354838709676
2022-06-12,52.85423280423277
2022-06-13,49.6663387978142
2022-06-14,42.958750000000016
2022-06-15,39.60215789473686
2022-06-16,45.049604519774036
2022-06-17,35.22355421686748
2022-06-18,32.764578313253004
2022-06-19,28.56136904761905
2022-06-20,31.227034883720936
2022-06-21,34.67213114754099
2022-06-22,31.242826086956523
2022-06-23,27.1206432748538
2022-06-24,31.32026455026454
2022-06-25,30.183641304347837
2022-06-26,23.37350574712643
2022-06-27,25.234615384615388
2022-06-28,33.11355932203389
2022-06-29,33.54368983957219
2022-06-30,37.66167539267015
2022-07-01,41.61671874999998
2022-07-02,32.35775956284151
2022-07-03,27.444893617021265
2022-07-04,27.439887005649705
2022-07-05,22.850864864864874
2022-07-06,26.21131578947369
2022-07-07,25.126703910614523
2022-07-08,28.112333333333336
2022-07-09,24.227307692307676
2022-07-10,19.55146892655367
2022-07-11,23.485750000000003
2022-07-12,26.466913580246917
2022-07-13,25.74294478527608
2022-07-14,27.885389221556895
2022-07-15,18.88031250000001
2022-07-16,23.53634146341462
2022-07-17,21.13329268292683
2022-07-18,30.071192052980134
2022-07-19,25.95696296296296
2022-07-20,37.61302631578947
2022-07-21,39.325923913043454
2022-07-22,29.03510752688172
2022-07-23,24.472433862433853
2022-07-24,22.2468062827225
2022-07-25,28.406354166666663
2022-07-26,21.990215053763443
2022-07-27,19.790641711229945
2022-07-28,19.757513513513523
2022-07-29,21.525307262569832
2022-07-30,22.404499999999995
2022-07-31,32.875080213903736
2022-08-01,36.98430107526881
2022-08-02,40.007688172043025
2022-08-03,30.538258426966294
2022-08-04,18.35289617486339
2022-08-05,15.792888888888891
2022-08-06,16.547760416666666
2022-08-07,11.48523560209425
2022-08-08,15.655618556701038
2022-08-09,17.988437500000003
2022-08-10,13.939800995024873
2022-08-11,18.205185185185186
2022-08-12,30.243381642512066
2022-08-13,22.196280193236703
2022-08-14,16.73333333333334
2022-08-15,31.64888888888889
2022-08-16,30.226926829268294
2022-08-17,37.9529756097561
2022-08-18,39.32033816425121
2022-08-19,18.672175925925924
2022-08-20,22.50423255813953
2022-08-21,34.05933649289102
2022-08-22,36.318947368421036
2022-08-23,24.46321951219512
2022-08-24,22.77936363636364
2022-08-25,28.757990196078435
2022-08-26,36.36468085106381
2022-08-27,40.15261780104713
2022-08-28,30.123564814814817
2022-08-29,26.857681159420295
2022-08-30,19.668537735849053
2022-08-31,14.577365853658534
2022-09-01,14.021542288557217
2022-09-02,13.153168316831685
2022-09-03,22.58821256038647
2022-09-04,40.42879227053142
2022-09-05,35.37673076923078
2022-09-06,35.40544680851065
2022-09-07,27.219230769230766
2022-09-08,15.362009132420098
2022-09-09,22.116307692307693
2022-09-10,12.63441048034934
2022-09-11,11.055404255319147
2022-09-12,12.4985
2022-09-13,18.70183333333334
2022-09-14,27.49689075630252
2022-09-15,32.87192307692305
2022-09-16,26.606379310344842
2022-09-17,29.97572649572649
2022-09-18,28.9041592920354
2022-09-19,18.329605263157895
2022-09-20,19.26774468085106
2022-09-21,26.686483050847464
2022-09-22,31.118513513513523
2022-09-23,35.618919999999996
2022-09-24,34.21466135458166
2022-09-25,30.130833333333342
2022-09-26,30.06003787878787
2022-09-27,33.441818181818185
2022-09-28,36.99344961240311
2022-09-29,43.48526923076926
2022-09-30,44.936065573770506
2022-10-01,46.78341772151897
2022-10-02,26.168499999999995
2022-10-03,17.986916666666662
2022-10-04,19.545499999999993
2022-10-05,14.83008849557523
2022-10-06,13.121651785714288
2022-10-07,15.989878542510125
2022-10-08,18.077913385826783
2022-10-09,15.080361445783133
2022-10-10,15.123106060606075
2022-10-11,15.859431818181816
2022-10-12,15.173396946564894
2022-10-13,22.722851711026614
2022-10-14,33.3238888888889
2022-10-15,32.9428451882845
2022-10-16,36.33464566929133
2022-10-17,43.851375464684004
2022-10-18,54.09121527777779
2022-10-19,54.99572916666668
2022-10-20,55.02219512195121
2022-10-21,57.00475524475524
2022-10-22,46.295804195804216
2022-10-23,40.58667832167833
2022-10-24,14.966979166666668
2022-10-25,21.35072916666668
2022-10-26,34.070937500000014
2022-10-27,49.44163194444444
2022-10-28,57.29557491289195
2022-10-29,53.403055555555525
2022-10-30,46.44944444444446
2022-10-31,45.526840277777744
2022-11-01,47.1594444444444
2022-11-02,45.426736111111126
2022-11-03,54.310603773584916
2022-11-04,64.30636363636359
2022-11-05,58.75239130434781
2022-11-06,54.22361111111112
2022-11-07,59.278888888888865
2022-11-08,57.28281249999998
2022-11-09,59.492291666666674
2022-11-10,51.558368055555576
2022-11-11,63.13020833333334
2022-11-12,80.64430555555552
2022-11-13,70.28423611111107
2022-11-14,68.11409893992935
2022-11-15,69.0966287878788
2022-11-16,73.31766816143497
2022-11-17,82.48962962962965
2022-11-18,70.1876173285199
2022-11-19,54.55212230215829
2022-11-20,65.3599270072993
2022-11-21,59.33209386281587
2022-11-22,68.6876492537314
2022-11-23,74.72818505338081
2022-11-24,68.97968197879848
2022-11-25,66.97342857142856
2022-11-26,70.2059307359307
2022-11-27,69.96958333333335
2022-11-28,65.87362549800797
2022-11-29,54.96954861111113
2022-11-30,56.75000000000001
2022-12-01,64.20439560439563
2022-12-02,67.79225694444442
2022-12-03,73.05868055555558
2022-12-04,69.87097222222218
2022-12-05,68.3148529411765
2022-12-06,68.81701388888885
2022-12-07,81.71197916666674
2022-12-08,74.85314685314687
2022-12-09,73.2222097378277
2022-12-10,70.35498098859314
2022-12-11,74.85517647058825
2022-12-12,75.4289705882353
2022-12-13,74.95954861111107
2022-12-14,69.3621875
2022-12-15,56.17329588014981
2022-12-16,43.68528169014086
2022-12-17,58.12836879432624
2022-12-18,83.47795138888893
2022-12-19,83.81545454545457
2022-12-20,90.82934027777773
2022-12-21,91.33376306620211
2022-12-22,95.43989583333334
2022-12-23,84.48118055555557
2022-12-24,84.62930313588853
2022-12-25,64.76590277777781
2022-12-26,51.665018181818176
2022-12-27,60.52901960784318
2022-12-28,85.13420138888885
2022-12-29,65.58458333333334
2022-12-30,81.64954703832753
2022-12-31,98.79470175438605
2023-01-01,100.12225694444444
2023-01-02,74.88003597122304
2023-01-03,88.11031249999998
2023-01-04,76.52777372262774
2023-01-05,82.66032258064519
2023-01-06,78.96378472222223
2023-01-07,91.95597902097902
2023-01-08,89.13099644128113
2023-01-09,83.64996527777782
2023-01-10,70.7736805555556
2023-01-11,81.47922297297292
2023-01-12,81.71371794871793
2023-01-13,80.28681672025725
2023-01-14,65.70802013422814
2023-01-15,84.87516233766239
2023-01-16,80.9525320512821
2023-01-17,78.82141447368426
2023-01-18,89.24427652733118
2023-01-19,94.87370748299321
2023-01-20,94.38369863013705
2023-01-21,70.0585365853659
2023-01-22,67.44156249999996
2023-01-23,69.1410801393729
2023-01-24,67.58968749999998
2023-01-25,67.39420138888893
2023-01-26,53.76419354838707
2023-01-27,47.28298932384344
2023-01-28,49.956105263157895
2023-01-29,61.988479729729754
2023-01-30,63.29185810810813
2023-01-31,63.61780821917807
2023-02-01,43.47880794701986
2023-02-02,56.71535256410258
2023-02-03,65.17913461538458
2023-02-04,62.13054662379422
2023-02-05,56.677009966777405
2023-02-06,52.00919732441472
2023-02-07,37.974192439862584
2023-02-08,31.04967971530249
2023-02-09,49.74573717948721
2023-02-10,58.0471096345515
2023-02-11,51.07234726688097
2023-02-12,47.11205298013243
2023-02-13,34.23288461538462
2023-02-14,44.917339743589714
2023-02-15,55.166249999999984
2023-02-16,56.85291666666664
2023-02-17,49.80157377049181
2023-02-18,49.520707395498384
2023-02-19,52.67191558441561
2023-02-20,41.50330128205126
2023-02-21,43.34451923076926
2023-02-22,41.8456270096463
2023-02-23,36.132307692307705
2023-02-24,45.79368589743591
2023-02-25,52.293942307692284
2023-02-26,58.73097315436239
2023-02-27,51.37235099337749
2023-02-28,51.550131147540974
2023-03-01,47.20214983713352
2023-03-02,48.438220064724945
2023-03-03,47.09842443729902
2023-03-04,44.392390572390624
2023-03-05,42.64124579124577
2023-03-06,38.3207394366197
2023-03-07,37.06481481481479
2023-03-08,36.03709459459458
2023-03-09,37.342074829931974
2023-03-10,49.51538194444448
2023-03-11,38.970616438356174
2023-03-12,54.08430508474574
2023-03-13,59.242081911262765
2023-03-14,55.6087586206897
2023-03-15,53.94613970588236
2023-03-16,50.84024911032028
2023-03-17,58.76573378839589
2023-03-18,80.01311258278153
2023-03-19,32.24966101694918
2023-03-20,27.24868421052629
2023-03-21,31.297748344370873
2023-03-22,37.593006993007
2023-03-23,36.61102040816326
2023-03-24,39.25264406779661
2023-03-25,33.42013157894738
2023-03-26,32.87783870967741
2023-03-27,42.9552333333333
2023-03-28,40.729935483870975
2023-03-29,33.02567307692309
2023-03-30,33.04554487179483
2023-03-31,37.15243589743589
2023-04-01,30.61248366013073
2023-04-02,29.018842443729913
2023-04-03,31.45506451612902
2023-04-04,34.50204620462048
2023-04-05,38.93727272727269
2023-04-06,46.22609677419356
2023-04-07,41.23342019543976
2023-04-08,42.52681967213113
2023-04-09,45.233430420711954
2023-04-10,50.319901960784314
2023-04-11,55.686797153024926
2023-04-12,54.51452674897123
2023-04-13,45.5537037037037
2023-04-14,46.395976095617485
2023-04-15,54.89324218750003
2023-04-16,53.30895999999996
2023-04-17,51.7437692307692
2023-04-18,50.5335877862595
2023-04-19,45.752702702702706
2023-04-20,50.39968627450982
2023-04-21,45.464395604395634
2023-04-22,39.03777777777775
2023-04-23,27.268263888888892
2023-04-24,33.82881944444446
2023-04-25,38.794201388888894
2023-04-26,38.29097222222221
2023-04-27,35.55711267605634
2023-04-28,36.985659722222195
2023-04-29,35.585486111111095
2023-04-30,32.91496503496501
2023-05-01,33.622222222222206
2023-05-02,30.28052083333334
2023-05-03,33.852210884353724
2023-05-04,27.66041666666667
2023-05-05,31.408653846153864
2023-05-06,37.61006410256409
2023-05-07,37.28351612903224
2023-05-08,38.33796116504857
2023-05-09,40.83441558441561
2023-05-10,37.10703225806449
2023-05-11,35.51487096774195
2023-05-12,35.32470198675496
2023-05-13,32.12128205128204
2023-05-14,32.819003215434094
2023-05-15,32.74671009771987
2023-05-16,39.502927631578956
2023-05-17,36.03612179487178
2023-05-18,27.427202572347262
2023-05-19,32.845144694533744
2023-05-20,33.629903536977494
2023-05-21,38.98513157894734
2023-05-22,34.731511254019296
2023-05-23,36.79613333333334
2023-05-24,30.776047297297314
2023-05-25,34.67190789473687
2023-05-26,24.712500000000006
2023-05-27,30.47225080385851
2023-05-28,34.29849358974354
2023-05-29,37.77188925081431
2023-05-30,37.110533333333336
2023-05-31,36.33087662337663
2023-06-01,40.041928104575156
2023-06-02,41.920524590163915
2023-06-03,42.50633116883116
2023-06-04,39.36838187702262
2023-06-05,36.25914754098362
2023-06-06,37.02709570957096
2023-06-07,38.282058823529425
2023-06-08,38.504379084967326
2023-06-09,35.380197368421044
2023-06-10,35.38855769230771
2023-06-11,34.28013157894738
2023-06-12,33.43853333333332
2023-06-13,34.099967320261456
2023-06-14,33.77342105263159
2023-06-15,37.13268211920531
2023-06-16,37.978790849673224
2023-06-17,36.04644012944982
2023-06-18,34.40517915309449
2023-06-19,31.922622950819665
2023-06-20,32.42182724252492
2023-06-21,28.15713826366559
2023-06-22,26.86550161812298
2023-06-23,15.61334507042254
2023-06-24,21.5672962962963
2023-06-25,17.423173431734313
2023-06-26,18.814710144927535
2023-06-27,11.953033333333334
2023-06-28,16.417629629629623
2023-06-29,27.2271375464684
2023-06-30,26.285590277777786
2023-07-01,22.143376623376632
2023-07-02,26.083267326732667
2023-07-03,23.91551612903225
2023-07-04,16.43613013698631
2023-07-05,8.231389830508473
2023-07-06,10.672034482758619
2023-07-07,14.579468085106376
2023-07-08,15.742444444444448
2023-07-09,24.549885931558936
2023-07-10,28.015182481751832
2023-07-11,18.378204225352114
2023-07-12,12.395663082437263
2023-07-13,9.83929078014185
2023-07-14,25.136202090592317
2023-07-15,17.490071684587807
2023-07-16,19.588333333333335
2023-07-17,15.179189189189195
2023-07-18,14.510744336569587
2023-07-19,9.747941176470581
2023-07-20,8.135176848874597
2023-07-21,9.684032258064525
2023-07-22,10.204019292604505
2023-07-23,10.297051282051285
2023-07-24,11.129580645161292
2023-07-25,9.329775641025645
2023-07-26,10.552403846153855
2023-07-27,14.37339743589744
2023-07-28,13.446516129032249
2023-07-29,16.210549828178692
2023-07-30,21.930288461538463
2023-07-31,27.056895424836593
2023-08-01,18.629967741935474
2023-08-02,8.172201492537315
2023-08-03,23.435424354243544
2023-08-04,27.641046931407924
2023-08-05,28.77095070422537
2023-08-06,33.41205574912891
2023-08-07,32.845186440677985
2023-08-08,36.25177993527509
2023-08-09,39.51148867313914
2023-08-10,42.276501650164995
2023-08-11,35.271483870967764
2023-08-12,35.55254019292605
2023-08-13,34.10846405228758
2023-08-14,36.8879166666667
2023-08-15,36.66105769230765
2023-08-16,35.37351612903226
2023-08-17,33.70832797427652
2023-08-18,18.245608974358976
2023-08-19,19.30569023569024
2023-08-20,29.732746478873228
2023-08-21,24.88450704225354
2023-08-22,30.988194444444446
2023-08-23,29.379430604982208
2023-08-24,24.89505791505792
2023-08-25,28.003549618320616
2023-08-26,31.854642857142856
2023-08-27,35.74885826771653
2023-08-28,43.3752091254753
2023-08-29,46.42411111111112
2023-08-30,48.032352941176484
2023-08-31,47.3944262295082
2023-09-01,45.64551282051285
2023-09-02,44.79919191919193
2023-09-03,38.29676567656764
2023-09-04,21.057100977198697
2023-09-05,16.132852459016394
2023-09-06,11.416118421052637
2023-09-07,12.116229508196716
2023-09-08,19.320622837370248
2023-09-09,20.806315789473683
2023-09-10,26.045743944636676
2023-09-11,24.207813620071704
2023-09-12,20.846553030303035
2023-09-13,15.436557971014492
2023-09-14,16.353720136518767
2023-09-15,20.611458966565344
2023-09-16,25.796000000000003
2023-09-17,23.45856677524429
2023-09-18,24.261140065146595
2023-09-19,9.059051094890505
2023-09-20,15.92682481751825
2023-09-21,23.5996797153025
2023-09-22,22.64675958188152
2023-09-23,22.673271375464676
2023-09-24,30.546423076923077
2023-09-25,29.57311643835616
2023-09-26,24.892989690721635
2023-09-27,31.48054347826088
2023-09-28,43.89375939849624
2023-09-29,41.38616564417177
2023-09-30,19.66522580645161
2023-10-01,27.033198653198657
2023-10-02,37.55900641025641
2023-10-03,19.631081081081085
2023-10-04,22.73644518272424
2023-10-05,45.11346625766872
2023-10-06,37.967815384615385
2023-10-07,45.357386018237044
2023-10-08,46.68151202749138
2023-10-09,51.20654723127038
2023-10-10,48.2910062893082
2023-10-11,50.07155844155842
2023-10-12,51.70809523809528
2023-10-13,48.240986842105286
2023-10-14,47.949377289377324
2023-10-15,49.77230769230771
2023-10-16,54.29401840490797
2023-10-17,54.75356083086058
2023-10-18,43.086194690265515
2023-10-19,31.091557632398764
2023-10-20,27.35935275080907
2023-10-21,26.213499999999993
2023-10-22,27.263402061855675
2023-10-23,26.227947019867553
2023-10-24,19.372433333333312
2023-10-25,25.874351851851845
2023-10-26,30.122784810126564
2023-10-27,37.756994047619045
2023-10-28,44.405590778098
2023-10-29,43.27540229885057
2023-10-30,52.55076687116564
2023-10-31,47.311715116279096
2023-11-01,43.10166666666663
2023-11-02,49.061806853582524
2023-11-03,60.18463722397475
2023-11-04,45.97276595744683
2023-11-05,63.738960244648325
2023-11-06,58.43097484276731
2023-11-07,70.84616314199391
2023-11-08,69.6088130563798
2023-11-09,70.62850609756097
2023-11-10,79.0210927152318
2023-11-11,82.22668965517236
2023-11-12,77.3448339483395
2023-11-13,58.41548611111111
2023-11-14,54.8458181818182
2023-11-15,47.76504477611942
2023-11-16,42.10023255813951
2023-11-17,26.796802325581403
2023-11-18,31.935885885885927
2023-11-19,39.95012820512822
2023-11-20,42.96167721518986
2023-11-21,63.627784615384655
2023-11-22,96.8321739130434
2023-11-23,109.97428125000002
2023-11-24,99.78253822629966
2023-11-25,77.48193083573489
2023-11-26,64.13153392330386
2023-11-27,67.58600583090382
2023-11-28,60.00469740634005
2023-11-29,80.75181556195969
2023-11-30,85.42481268011524
2023-12-01,47.922471590909076
2023-12-02,66.44794202898545
2023-12-03,98.21556521739116
2023-12-04,78.69985955056185
2023-12-05,49.675994236311226
2023-12-06,57.954644970414215
2023-12-07,35.54781249999999
2023-12-08,39.7270205479452
2023-12-09,67.81683706070288
2023-12-10,80.81353135313537
2023-12-11,76.79426791277265
2023-12-12,93.35457227138639
2023-12-13,82.79642228739003
2023-12-14,86.99601190476186
2023-12-15,100.48002941176475
2023-12-16,96.50544117647063
2023-12-17,94.71755747126429
2023-12-18,97.88843478260866
2023-12-19,91.2292485549133
2023-12-20,80.76011869436208
2023-12-21,72.62557471264365
2023-12-22,86.68513274336287
2023-12-23,84.84239766081875
2023-12-24,92.62704477611935
2023-12-25,91.69085470085467
2023-12-26,87.56934097421194
2023-12-27,82.54531976744188
2023-12-28,76.64346153846154
2023-12-29,74.16712209302322
2023-12-30,79.99740524781342
2023-12-31,91.64090379008746
2024-01-01,92.32842261904759
2024-01-02,83.40971014492756
2024-01-03,71.11511627906975
2024-01-04,77.67906432748536
2024-01-05,86.230119047619
2024-01-06,79.05092592592597
2024-01-07,97.60183800623057
2024-01-08,104.17686746987958
2024-01-09,90.50987538940812
2024-01-10,85.94808510638299
2024-01-11,81.82808695652182
2024-01-12,82.81988338192419
2024-01-13,82.04072046109516
2024-01-14,105.27647761194028
2024-01-15,110.77088571428568
2024-01-16,99.89799435028245
2024-01-17,86.15797720797718
2024-01-18,92.60877437325908
2024-01-19,88.8376944444444
2024-01-20,96.40401709401706
2024-01-21,104.06400000000008
2024-01-22,94.03607954545451
2024-01-23,88.84345505617983
2024-01-24,86.9912777777778
2024-01-25,85.92617142857146
2024-01-26,87.57943283582092
2024-01-27,62.60205128205127
2024-01-28,75.10838888888888
2024-01-29,77.33885793871873
2024-01-30,69.1398044692738
2024-01-31,67.19209497206705
2024-02-01,67.74152112676057
2024-02-02,72.73901129943503
2024-02-03,70.9336391437309
2024-02-04,76.83975384615383
2024-02-05,68.58411411411416
2024-02-06,76.3528295819936
2024-02-07,63.609619047619
2024-02-08,50.17510703363913
2024-02-09,49.288461538461526
2024-02-10,61.61941558441558
2024-02-11,71.32422712933761
2024-02-12,82.57260869565222
2024-02-13,92.91935933147629
2024-02-14,82.86819444444441
2024-02-15,88.41348314606743
2024-02-16,86.54343023255815
2024-02-17,75.67824404761897
2024-02-18,75.24608069164265
2024-02-19,61.95709039548023
2024-02-20,55.79267062314541
2024-02-21,50.81603399433431
2024-02-22,67.87067251461987
2024-02-23,47.75724852071009
2024-02-24,51.57241573033704
2024-02-25,44.081376404494385
2024-02-26,47.82797222222222
2024-02-27,53.75055555555553
2024-02-28,56.289881656804745
2024-02-29,72.35514880952384
2024-03-01,96.65536784741141
2024-03-02,62.07847411444141
2024-03-03,57.47269444444441
2024-03-04,54.16899182561305
2024-03-05,51.52148148148144
2024-03-06,46.149385026737995
2024-03-07,50.18855227882038
2024-03-08,48.21304093567245
2024-03-09,48.20601173020532
2024-03-10,47.312832369942186
2024-03-11,46.35040697674416
2024-03-12,52.27887005649717
2024-03-13,46.391192660550445
2024-03-14,44.96136231884058
2024-03-15,48.78320105820106
2024-03-16,45.04508241758243
2024-03-17,43.91698863636364
2024-03-18,56.963885869565225
2024-03-19,46.16338028169016
2024-03-20,32.18125786163523
2024-03-21,41.38817307692308
2024-03-22,48.06267123287673
2024-03-23,53.252806451612926
2024-03-24,42.5842771084337
2024-03-25,40.83759759759762
2024-03-26,32.4408588957055
2024-03-27,43.30265573770494
2024-03-28,48.51362126245843
2024-03-29,47.259641693811076
2024-03-30,43.572569444444476
2024-03-31,44.50390728476822
2024-04-01,46.45522012578614
2024-04-02,44.56799999999999
2024-04-03,44.702421652421606
2024-04-04,44.932648809523776
2024-04-05,49.74239193083576
2024-04-06,53.39797222222227
2024-04-07,47.04839506172838
2024-04-08,39.20120943952803
2024-04-09,40.91775757575754
2024-04-10,52.76553398058254
2024-04-11,62.9266144200627
2024-04-12,45.16068322981367
2024-04-13,48.05388513513513
2024-04-14,45.63649305555555
2024-04-15,48.68392361111112
2024-04-16,46.536939501779365
2024-04-17,50.70822064056935
2024-04-18,44.490897009966794
2024-04-19,41.49861198738174
2024-04-20,41.6407453416149
2024-04-21,41.53137820512819
2024-04-22,44.84658307210034
2024-04-23,38.999910179640715
2024-04-24,42.79446428571428
2024-04-25,43.445787965616056
2024-04-26,45.09593837535016
2024-04-27,44.17162921348313
2024-04-28,45.5773198847262
2024-04-29,47.681314285714286
2024-04-30,45.418011527377494
2024-05-01,43.70463636363634
2024-05-02,42.78883435582822
2024-05-03,42.83682352941178
2024-05-04,40.55401162790696
2024-05-05,40.29471264367813
2024-05-06,32.366769662921335
2024-05-07,25.992303370786527
2024-05-08,26.33174731182797
2024-05-09,33.18528023598818
2024-05-10,34.10440476190476
2024-05-11,31.179794721407635
2024-05-12,37.64672268907561
2024-05-13,38.24266853932585
2024-05-14,37.301094674556204
2024-05-15,34.50513677811549
2024-05-16,27.853151515151502
2024-05-17,25.02713450292398
2024-05-18,33.48917159763314
2024-05-19,31.143333333333334
2024-05-20,21.67932748538012
2024-05-21,32.18261111111111
2024-05-22,26.13582901554403
2024-05-23,25.905075987841926
2024-05-24,28.88769911504423
2024-05-25,27.42333333333333
2024-05-26,16.07570996978853
2024-05-27,17.585205047318617
2024-05-28,38.30166172106822
2024-05-29,43.530267857142846
2024-05-30,41.777521613832825
2024-05-31,36.26710982658958
2024-06-01,35.170029239766095
2024-06-02,34.364082840236655
2024-06-03,30.75514619883041
2024-06-04,35.72760806916426
2024-06-05,41.508362573099454
2024-06-06,45.290470914127425
2024-06-07,43.741140583554355
2024-06-08,39.851084656084616
2024-06-09,43.30438040345819
2024-06-10,39.857280453257765
2024-06-11,31.91532608695651
2024-06-12,38.050164835164836
2024-06-13,41.886193029490606
2024-06-14,44.39308093994779
2024-06-15,42.94063660477452
2024-06-16,39.91887218045113
2024-06-17,41.5798177083333
2024-06-18,43.14190104166664
2024-06-19,44.28365728900257
2024-06-20,35.111874999999976
2024-06-21,40.32938118811881
2024-06-22,29.61861182519283
2024-06-23,26.28558583106268
2024-06-24,32.00008152173912
2024-06-25,32.401416893733
2024-06-26,24.080337078651695
2024-06-27,18.504378531073446
2024-06-28,20.39555865921787
2024-06-29,28.390289017341036
2024-06-30,41.961666666666666
2024-07-01,37.71186781609194
2024-07-02,32.63167647058828
2024-07-03,34.807125382262996
2024-07-04,38.887312138728326
2024-07-05,31.96439169139465
2024-07-06,32.354798850574724
2024-07-07,24.60783281733745
2024-07-08,22.12461764705884
2024-07-09,20.63896648044694
2024-07-10,25.81702549575069
2024-07-11,36.062111111111115
2024-07-12,30.6671468144044
2024-07-13,35.263204419889476
2024-07-14,27.468463611859864
2024-07-15,18.077277628032338
2024-07-16,18.769841269841276
2024-07-17,19.855818181818176
2024-07-18,17.825670103092786
2024-07-19,17.75360962566845
2024-07-20,19.081837837837824
2024-07-21,20.320628272251316
2024-07-22,19.008713910761163
2024-07-23,23.326947368421056
2024-07-24,26.155578406169656
2024-07-25,37.05212765957445
2024-07-26,26.580505319148923
2024-07-27,24.891373056994833
2024-07-28,20.70945736434108
2024-07-29,21.43493670886075
2024-07-30,32.05757731958761
2024-07-31,37.16060209424082
2024-08-01,30.326411764705888
2024-08-02,28.495053763440875
2024-08-03,25.56950777202072
2024-08-04,27.42888888888891
2024-08-05,29.27719211822659
2024-08-06,36.71581683168317
2024-08-07,25.71950738916254
2024-08-08,27.598510101010078
2024-08-09,29.1760723514212
2024-08-10,39.13623342175068
2024-08-11,40.42670951156811
2024-08-12,38.643608247422705
2024-08-13,38.28450520833332
2024-08-14,46.62421994884906
2024-08-15,45.54013550135506
2024-08-16,39.44118980169971
2024-08-17,35.71547058823527
2024-08-18,27.956978851963758
2024-08-19,35.9705029585799
2024-08-20,42.39891666666665
2024-08-21,42.76624657534245
2024-08-22,43.67663865546219
2024-08-23,32.55929378531072
2024-08-24,31.538015665796333
2024-08-25,39.37889763779526
2024-08-26,28.65092391304346
2024-08-27,24.688320000000015
2024-08-28,25.03254545454544
2024-08-29,22.9016935483871
2024-08-30,21.14957386363636
2024-08-31,19.45124293785311
2024-09-01,21.011983695652177
2024-09-02,21.47803867403315
2024-09-03,23.75288461538462
2024-09-04,27.640389972144877
2024-09-05,24.71109589041099
2024-09-06,26.406854838709673
2024-09-07,27.593012987012994
2024-09-08,19.257265415549597
2024-09-09,21.864739884393057
2024-09-10,25.7521238938053
2024-09-11,33.07856321839078
2024-09-12,47.09617079889806
2024-09-13,39.42764864864867
2024-09-14,21.627170868347353
2024-09-15,19.472046783625718
2024-09-16,33.55698507462685
2024-09-17,33.78474777448072
2024-09-18,33.36656976744187
2024-09-19,54.04382749326148
2024-09-20,54.90124309392263
2024-09-21,36.556978021978054
2024-09-22,37.55991803278692
2024-09-23,46.936748633879766
2024-09-24,21.736373626373627
2024-09-25,20.40146551724136
2024-09-26,21.440220994475116
2024-09-27,20.072127071823193
2024-09-28,22.855652173913036
2024-09-29,27.202492668621716
2024-09-30,43.178492753623175
2024-10-01,47.46664788732399
2024-10-02,50.955981873111774
2024-10-03,55.650903426791274
2024-10-04,52.13966666666664
2024-10-05,37.737588235294105
2024-10-06,49.56557522123894
2024-10-07,30.098786982248534
2024-10-08,31.663473389355733
2024-10-09,28.663835227272706
2024-10-10,25.35020348837209
2024-10-11,25.404212034383953
2024-10-12,31.507283236994237
2024-10-13,47.80493865030676
2024-10-14,66.55158054711248
2024-10-15,75.60882697947213
2024-10-16,67.39697050938344
2024-10-17,58.49399470899472
2024-10-18,36.65202666666665
2024-10-19,35.8179792746114
2024-10-20,65.08964467005065
2024-10-21,64.39994923857871
2024-10-22,55.508948787061975
2024-10-23,39.4587078651685
2024-10-24,24.852857142857143
2024-10-25,38.8718087855297
2024-10-26,45.45325396825395
2024-10-27,45.61161849710984
2024-10-28,44.45383928571428
2024-10-29,44.963221288515385
2024-10-30,40.265030487804914
2024-10-31,42.874231884058
2024-11-01,59.22814492753622
2024-11-02,80.74899713467055
2024-11-03,71.60805970149256
2024-11-04,74.22663663663666
2024-11-05,67.34250000000003
2024-11-06,54.76599423631126
2024-11-07,60.90715099715107
2024-11-08,47.92181081081079
2024-11-09,42.27121621621621
2024-11-10,39.64213675213674
2024-11-11,39.55431372549021
2024-11-12,44.25483240223467
2024-11-13,61.718559782608736
2024-11-14,89.36698005698008
2024-11-15,71.85705382436262
2024-11-16,73.50563862928344
2024-11-17,81.00561688311679
2024-11-18,79.61875379939211
2024-11-19,78.95329729729728
2024-11-20,77.90133333333335
2024-11-21,74.11515151515147
2024-11-22,85.40827195467422
2024-11-23,90.35957957957955
2024-11-24,92.38341246290803
2024-11-25,109.06772036474166
2024-11-26,112.59964577656682
2024-11-27,94.74217877094974
2024-11-28,88.39897574123991
2024-11-29,67.37419191919194
2024-11-30,65.98469543147202
2024-12-01,68.87305418719207
2024-12-02,89.44409090909093
2024-12-03,109.71670918367339
2024-12-04,128.94370716510917
2024-12-05,124.94387387387383
2024-12-06,88.40752631578954
2024-12-07,80.04999999999998
2024-12-08,85.51468842729969
2024-12-09,94.9356568364611
2024-12-10,99.68572538860093
2024-12-11,90.40222222222219
2024-12-12,82.96246819338417
2024-12-13,88.66690417690421
2024-12-14,77.78350490196082
2024-12-15,66.51556372549022
2024-12-16,83.8100767263427
2024-12-17,86.67449612403104
2024-12-18,77.33634877384193
2024-12-19,70.48264102564103
2024-12-20,70.76182051282049
2024-12-21,74.51414985590777
2024-12-22,62.616904761904735
2024-12-23,76.64357771260998
2024-12-24,67.44286885245904
2024-12-25,77.67811475409836
2024-12-26,75.74617948717948
2024-12-27,76.67282500000002
2024-12-28,76.52295454545458
2024-12-29,81.39700767263426
2024-12-30,75.5064659685864
2024-12-31,78.23695431472083
2025-01-01,69.9510579345088
2025-01-02,78.79547872340429
2025-01-03,93.08205263157896
2025-01-04,106.85923857868029
2025-01-05,95.51036764705884
2025-01-06,91.08329999999995
2025-01-07,89.76911764705883
2025-01-08,68.84645161290322
2025-01-09,69.8317258883249
2025-01-10,74.57945169712794
2025-01-11,80.95464646464653
2025-01-12,81.53035175879394
2025-01-13,89.39689922480628
2025-01-14,96.20886699507385
2025-01-15,75.74950520833337
2025-01-16,70.02724226804129
2025-01-17,71.12937669376696
2025-01-18,72.5061842105263
2025-01-19,67.1789974293059
2025-01-20,65.67760416666665
2025-01-21,79.15885026737966
2025-01-22,81.02883116883116
2025-01-23,98.99402631578958
2025-01-24,102.836484375
2025-01-25,97.820175
2025-01-26,62.171827676240206
2025-01-27,64.38279778393347
2025-01-28,73.22855227882039
2025-01-29,74.17507645259933
2025-01-30,59.1651086956522
2025-01-31,62.511752021563325
2025-02-01,71.55146153846158
2025-02-02,88.83384415584415
2025-02-03,82.72997455470743
2025-02-04,61.13892761394096
2025-02-05,78.36831550802141
2025-02-06,61.26770833333327
2025-02-07,48.45995000000002
2025-02-08,53.17479695431467
2025-02-09,56.263828715365236
2025-02-10,64.6598473282443
2025-02-11,55.68172500000002
2025-02-12,57.67606435643567
2025-02-13,57.90829896907219
2025-02-14,47.78287499999996
2025-02-15,56.64619897959185
2025-02-16,51.111176470588234
2025-02-17,48.73341584158417
2025-02-18,46.84243243243242
2025-02-19,55.54909547738703
2025-02-20,44.78664102564104
2025-02-21,55.987344173441755
2025-02-22,51.71061068702296
2025-02-23,55.45671568627452
2025-02-24,67.02901960784322
2025-02-25,67.92152499999997
2025-02-26,63.74178391959797
2025-02-27,71.55755725190843
2025-02-28,65.52693931398417
2025-03-01,51.507827225130896
2025-03-02,50.39748691099471
2025-03-03,53.186151832460766
2025-03-04,43.610288713910755
2025-03-05,44.88510471204189
2025-03-06,34.80741514360314
2025-03-07,40.626919060052195
2025-03-08,42.61362433862434
2025-03-09,43.51533333333334
2025-03-10,46.00467787114842
2025-03-11,33.616271186440684
2025-03-12,38.71258823529411
2025-03-13,40.304970059880254
2025-03-14,45.08678571428574
2025-03-15,42.26302857142854
2025-03-16,34.92039999999998
2025-03-17,40.75454802259889
2025-03-18,37.58669333333334
2025-03-19,51.732297979797956
2025-03-20,34.262377450980374
2025-03-21,38.39096605744121
2025-03-22,26.625052356020934
2025-03-23,44.32380208333331
2025-03-24,55.73505208333332
2025-03-25,52.575494791666664
2025-03-26,38.63708333333333
2025-03-27,42.89481770833334
2025-03-28,43.85432291666667
2025-03-29,48.84794270833331
2025-03-30,50.909036458333325
2025-03-31,46.32372395833332
2025-04-01,42.162786458333336
2025-04-02,34.127786458333354
2025-04-03,36.51361979166667
2025-04-04,41.16671875000001
2025-04-05,42.5223076923077
2025-04-06,38.21891666666666
2025-04-07,29.97775
2025-04-08,28.108763440860194
2025-04-09,21.999846547314565
2025-04-10,22.732034313725496
2025-04-11,26.08933333333329
2025-04-12,28.14370098039217
2025-04-13,30.527549019607832
2025-04-14,36.23583333333332
2025-04-15,38.95098039215684
2025-04-16,39.23941176470587
2025-04-17,33.67106172839507
2025-04-18,31.202412935323395
2025-04-19,48.05524630541871
2025-04-20,42.476151960784286
2025-04-21,39.46291666666664
2025-04-22,43.90835380835381
2025-04-23,41.96279411764704
2025-04-24,41.10311274509801
2025-04-25,35.07615763546797
2025-04-26,28.92068627450979
2025-04-27,35.44973039215686
2025-04-28,43.952850122850116
2025-04-29,30.829043927648552
2025-04-30,39.428622448979624
2025-05-01,44.74972772277231
2025-05-02,34.478750000000005
2025-05-03,29.999509803921573
2025-05-04,32.03002450980392
2025-05-05,34.8263725490196
2025-05-06,35.75651960784314
2025-05-07,38.769534313725494
2025-05-08,36.11924019607843
2025-05-09,37.86951282051285
2025-05-10,41.025735294117645
2025-05-11,40.19815270935957
2025-05-12,35.43566176470587
2025-05-13,35.99558080808082
2025-05-14,37.48374999999996
2025-05-15,34.72601562499998
2025-05-16,34.278144329896925
2025-05-17,30.50176470588233
2025-05-18,26.47664215686272
2025-05-19,20.77835858585857
2025-05-20,21.097317708333332
2025-05-21,22.288098958333325
2025-05-22,24.592343749999984
2025-05-23,21.700392670157076
2025-05-24,24.194304461942263
2025-05-25,23.31419889502763
2025-05-26,23.818483146067408
2025-05-27,25.975762711864398
2025-05-28,22.912082191780808
2025-05-29,20.77035230352303
2025-05-30,26.61264102564102
2025-05-31,36.66659259259261
2025-06-01,38.50268170426063
2025-06-02,38.67154228855721
2025-06-03,33.37015424164526
2025-06-04,29.836775956284164
2025-06-05,37.46192411924118
2025-06-06,38.28276041666667
2025-06-07,43.39509186351706
2025-06-08,43.006249999999994
2025-06-09,43.17069892473118
2025-06-10,40.73648044692737
2025-06-11,32.613785310734485
2025-06-12,25.720084269662916
2025-06-13,26.488489583333333
2025-06-14,33.161439790575876
2025-06-15,25.447342105263147
2025-06-16,21.549843750000008
2025-06-17,25.965529100529128
2025-06-18,28.50510582010581
2025-06-19,25.072604166666654
2025-06-20,29.818593749999994
2025-06-21,34.778762626262626
2025-06-22,33.3996029776675
2025-06-23,27.56880000000002
2025-06-24,23.643151364764293
2025-06-25,26.475123762376207
2025-06-26,21.00913580246913
2025-06-27,27.90684729064038
2025-06-28,31.536078431372573
2025-06-29,30.510172839506147
2025-06-30,32.0746666666667
2025-07-01,31.655773955773974
2025-07-02,24.028894348894344
2025-07-03,26.811225490196072
2025-07-04,33.297079207920824
2025-07-05,32.53056511056512
2025-07-06,27.867641277641283
2025-07-07,26.75842892768081
2025-07-08,24.967838541666676
2025-07-09,29.3665648854962
2025-07-10,27.275456790123428
2025-07-11,30.940661764705883
2025-07-12,33.0408823529412
2025-07-13,31.27073710073708
2025-07-14,24.145361596010005
2025-07-15,29.9534068627451
2025-07-16,28.44509803921572
2025-07-17,26.410441176470595
2025-07-18,28.172825552825568
2025-07-19,29.279975429975384
2025-07-20,27.718866995073885
2025-07-21,25.884520884520867
2025-07-22,22.007739557739548
2025-07-23,23.69166666666664
2025-07-24,27.405563725490204
2025-07-25,25.646871921182278
2025-07-26,23.208627450980416
2025-07-27,23.975700245700217
2025-07-28,30.062636815920396
2025-07-29,32.186765432098774
2025-07-30,22.59534391534392
2025-07-31,31.348555240793203
2025-08-01,32.739324324324315
2025-08-02,36.7230989583333
2025-08-03,33.95873684210526
2025-08-04,31.55647208121824
2025-08-05,33.308308823529394
2025-08-06,32.449551122194485
2025-08-07,36.91834170854273
2025-08-08,31.224019607843122
2025-08-09,24.1155637254902
2025-08-10,23.88752450980393
2025-08-11,26.666053921568608
2025-08-12,33.09938725490193
2025-08-13,21.576928746928747
2025-08-14,21.97326781326781
2025-08-15,21.614313725490184
2025-08-16,22.042573529411758
2025-08-17,20.90299504950496
2025-08-18,19.238661616161618
2025-08-19,20.73181372549021
2025-08-20,20.93208333333334
2025-08-21,22.941608910891095
2025-08-22,24.872334152334158
2025-08-23,23.93803921568625
2025-08-24,24.443611793611797
2025-08-25,27.655465686274496
2025-08-26,22.19730392156863
2025-08-27,19.857622549019602
2025-08-28,20.35087719298246
2025-08-29,21.216127450980405
2025-08-30,21.68367647058823
2025-08-31,22.17759803921568
2025-09-01,29.64774509803924
2025-09-02,19.684020618556705
2025-09-03,18.353702702702694
2025-09-04,20.894196891191722
2025-09-05,25.73196078431371
2025-09-06,27.18571078431373
2025-09-07,25.488553921568613
2025-09-08,24.930490196078413
2025-09-09,26.66813725490198
2025-09-10,25.8111838790932
2025-09-11,25.41077540106952
2025-09-12,23.976565656565658
2025-09-13,22.894436274509804
2025-09-14,23.645514705882377
2025-09-15,23.95575980392155
2025-09-16,24.937741116751273
2025-09-17,26.595506493506512
2025-09-18,26.543799019607835
2025-09-19,34.90027027027026
2025-09-20,35.92622549019609
2025-09-21,45.736330049261085
2025-09-22,36.34776960784312
2025-09-23,27.858170103092807
2025-09-24,29.389221105527607
2025-09-25,28.05460784313728
2025-09-26,24.795024509803927
2025-09-27,23.729140049140067
2025-09-28,23.035073529411754
2025-09-29,26.69624078624078
2025-09-30,31.131323529411773
2025-10-01,24.965123152709342
2025-10-02,19.690370370370367
2025-10-03,23.746495098039237
2025-10-04,25.807450980392154
2025-10-05,24.36542997542997
2025-10-06,37.551523341523314
2025-10-07,38.523259803921604
2025-10-08,41.732352941176444
2025-10-09,43.31738805970152
2025-10-10,42.540055401662094
2025-10-11,37.13747311827955
2025-10-12,36.7361458333333
2025-10-13,44.09125
2025-10-14,44.59348958333331
2025-10-15,47.00043037974683
2025-10-16,52.234568527918775
2025-10-17,60.17611979166666
2025-10-18,53.111025641025684
2025-10-19,43.87630000000001
2025-10-20,50.58625000000003
2025-10-21,60.92859788359793
2025-10-22,57.35260981912143
2025-10-23,50.34593750000001
2025-10-24,54.12433766233766
2025-10-25,52.404031413612536
2025-10-26,48.641093749999975
2025-10-27,51.92162849872772
2025-10-28,38.56169117647063
2025-10-29,25.350323383084586
2025-10-30,25.119215686274526
2025-10-31,26.30781326781329
2025-11-01,31.28112531969306
2025-11-02,25.493556701030943
2025-11-03,43.86503778337536
2025-11-04,80.24445273631837
2025-11-05,76.65684343434346
2025-11-06,60.99398514851486
2025-11-07,62.04583541147135
2025-11-08,40.91696078431368
2025-11-09,44.732175
2025-11-10,56.441308641975304
2025-11-11,57.53778869778876
2025-11-12,64.92022058823531
2025-11-13,65.19073891625615
2025-11-14,62.060416666666605
2025-11-15,57.92106435643564
2025-11-16,57.49039215686275
2025-11-17,54.78931372549018
2025-11-18,50.911470588235325
2025-11-19,46.53039215686271
2025-11-20,52.89123152709359
2025-11-21,63.405036855036826
2025-11-22,73.06415233415238
2025-11-23,75.08874692874689
2025-11-24,67.77840686274503
2025-11-25,71.52302955665029
2025-11-26,63.72000000000001
2025-11-27,54.89225490196079
2025-11-28,55.87459798994975
2025-11-29,59.349352331606276
2025-11-30,66.34408970976253
2025-12-01,68.76481108312338
2025-12-02,72.29306372549023
2025-12-03,65.34004938271606
2025-12-04,73.14243842364534
2025-12-05,55.26169117647068
2025-12-06,54.06568627450981
2025-12-07,59.56513580246913
2025-12-08,66.65710784313725
2025-12-09,73.644362745098
2025-12-10,79.9402284263959
2025-12-11,78.2766581632653
2025-12-12,80.97032994923856
2025-12-13,68.30578125000007
2025-12-14,51.61848167539264
2025-12-15,49.47724226804127
2025-12-16,60.68088888888894
2025-12-17,68.60541666666666
2025-12-18,66.61215686274501
2025-12-19,63.04077889447239
2025-12-20,82.34558823529413
2025-12-21,88.37293670886078
2025-12-22,75.98873134328362
2025-12-23,72.59911227154043
2025-12-24,81.67969696969695
2025-12-25,79.08235294117654
2025-12-26,76.15465686274514
2025-12-27,76.49243842364528
2025-12-28,73.92669117647061
2025-12-29,75.05840686274512
2025-12-30,63.29389705882351
2025-12-31,61.89230392156858
2026-01-01,81.12046153846151
2026-01-02,72.59743654822341
2026-01-03,74.88628712871285
2026-01-04,87.31746630727757
2026-01-05,66.45707446808514
2026-01-06,73.28670854271354
2026-01-07,74.9018137254902
2026-01-08,62.14151761517615
2026-01-09,56.77066666666667
2026-01-10,53.12941031941029
2026-01-11,48.602241379310335
2026-01-12,50.97821428571428
2026-01-13,49.08982843137255
2026-01-14,57.53960784313728
2026-01-15,52.10049751243781
2026-01-16,51.58120098039217
2026-01-17,61.48237745098029
2026-01-18,62.17170426065165
2026-01-19,63.372766497461974
2026-01-20,73.6705735660848
2026-01-21,68.0898774509804
2026-01-22,50.65098280098283
2026-01-23,55.64483790523691
2026-01-24,61.73459595959598
2026-01-25,60.54823204419884
2026-01-26,57.41148255813951
2026-01-27,53.206145251396684
2026-01-28,57.79267409470751
2026-01-29,63.91866847826092
2026-01-30,52.041295774647935
2026-01-31,54.68881355932204
2026-02-01,51.00715116279073
2026-02-02,53.12295392953925
2026-02-03,62.63859116022092
2026-02-04,60.279839142091156
2026-02-05,51.18472440944883
2026-02-06,48.03879781420762
2026-02-07,48.885337078651716
2026-02-08,54.307927170868325
2026-02-09,50.68702064896753
2026-02-10,54.59130434782609
2026-02-11,56.80206997084543
2026-02-12,53.4940785498489
2026-02-13,53.106527777777735
2026-02-14,51.73693009118544
2026-02-15,51.264
2026-02-16,50.372674772036454
2026-02-17,53.1792878338279
2026-02-18,50.51633333333335
2026-02-19,58.37488063660476
2026-02-20,60.07774358974353
2026-02-21,61.447698630137005
2026-02-22,61.62155807365441
2026-02-23,65.95917127071826
2026-02-24,48.451506849315074
2026-02-25,51.514738219895264
2026-02-26,51.99199488491055
2026-02-27,45.360124999999954
2026-02-28,42.845681233933156
2026-03-01,45.756443298969074
2026-03-02,49.15962311557785
2026-03-03,49.99565110565114
2026-03-04,48.94561097256863
2026-03-05,50.75092731829576
2026-03-06,48.17179271708681
2026-03-07,40.76002777777776
2026-03-08,42.12397877984082
2026-03-09,42.291279999999986
2026-03-10,42.98625352112675
2026-03-11,43.41866666666666
2026-03-12,48.57182080924854
2026-03-13,37.17118840579706
2026-03-14,35.11017094017095
2026-03-15,29.92324999999998
2026-03-16,29.68800000000004
2026-03-17,25.515351170568543
2026-03-18,27.181956521739142
2026-03-19,27.602058823529404
2026-03-20,32.32777777777776
2026-03-21,29.66892105263159
2026-03-22,38.28468586387433
2026-03-23,40.6206371191136
2026-03-24,36.26482954545457
2026-03-25,33.22589235127479
2026-03-26,43.0897982708934
2026-03-27,38.981805929919126
2026-03-28,28.320963541666647
2026-03-29,35.984229691876784
2026-03-30,36.14375675675674
2026-03-31,39.47847545219643
2026-04-01,38.75559366754618
2026-04-02,33.04020253164558
2026-04-03,31.93417085427138
2026-04-04,38.08963446475196
2026-04-05,34.05527559055118
2026-04-06,33.566947368421054
2026-04-07,26.26554666666666
2026-04-08,25.954571428571448
2026-04-09,28.6839534883721
2026-04-10,32.84137662337661
2026-04-11,39.544473684210544
2026-04-12,38.05441666666665
2026-04-13,33.905868421052595
2026-04-14,32.10143576826195
2026-04-15,37.66448101265823
2026-04-16,28.6178961038961
2026-04-17,27.41470588235295
2026-04-18,30.40757425742572
2026-04-19,32.858545918367334
2026-04-20,32.32271356783921
2026-04-21,33.95683544303795
2026-04-22,34.10507352941178
2026-04-23,36.26778645833335
2026-04-24,33.45061855670102
2026-04-25,29.275025641025618
2026-04-26,28.657338709677422
2026-04-27,32.18624999999996
2026-04-28,37.5861197916667
2026-04-29,25.308694516971258
2026-04-30,23.168522427440617
2026-05-01,26.513095238095243
2026-05-02,24.86610062893082
2026-05-03,30.716545454545447
2026-05-04,24.523184523809526
2026-05-05,25.571227544910162
2026-05-06,24.91746268656718
2026-05-07,32.37985507246377
2026-05-08,29.418832335329334
2026-05-09,32.26767241379311
2026-05-10,28.76587743732589
2026-05-11,27.762645502645515
2026-05-12,24.790124069478914
2026-05-13,21.427068965517233
2026-05-14,24.365411471321693
2026-05-15,21.74575980392159
2026-05-16,24.58027027027027
2026-05-17,23.89126288659792
2026-05-18,27.15739946380698
2026-05-19,30.21635416666663
2026-05-20,35.972074468085125
2026-05-21,38.69149999999997
2026-05-22,37.54096256684495
2026-05-23,35.943478260869576
2026-05-24,35.59958217270194
2026-05-25,34.753131313131334
2026-05-26,36.46906862745098
2026-05-27,30.47355329949241
2026-05-28,28.452375979112258
2026-05-29,29.81204787234041
2026-05-30,28.46993975903615
